brand,sell_type,price,name,discount_price
御泥坊男士,一口价,99,御泥坊男士黑茶控油护肤套装三件套,129
一叶子,一口价,99,新品 一叶子蜂王浆紧致塑颜挂耳面膜 10片每盒 20片装,109
美宝莲,一口价,89,新品 美宝莲净澈多效卸妆水 400ml+赠3瓶95ml,128
水密码,一口价,109,新品 水密码人鱼公主补水细肤黑白面膜套装30片,168
舒客,一口价,89,舒客宝贝声波电动牙刷牙膏套装   细软毛防水 儿童牙刷,101
狮王,一口价,79,狮王酵素洁净立式牙膏 蓝色款  黄色款 可选 130g,490
圣罗兰/YSL,一口价,219,YSL 圣罗兰迷魅纯漾方管唇膏口红  多色可选,278
三生花,一口价,69,新品  百雀羚三生花舒缓细肤倍护防晒乳SPF35PA++ 50g,119
番茄派,一口价,40,新品 番茄派我嘞个去足膜   去老茧柔嫩 玫瑰滋润 组合5片装,99.5
金稻,一口价,128,金稻升级版手提式负离子纳米喷雾蒸脸器美容仪,158
欧莱雅,一口价,69,欧莱雅男士洁面100mlX2+50mlX2,158
RE:CIPE,一口价,45,RE:CIPE 水晶防晒喷雾50ml+50ml,110
丽丽贝尔/Lily Bell,一口价,55,丽丽贝尔化妆棉 4包装 每包222枚  天然呵护 温和柔软,76
JM Solution/肌司研,一口价,79,JM Solution 蚕丝氨基酸水肌面膜  蜜莹潤蜂胶面膜 10片每盒,99
欧芭,一口价,175,新品 欧芭高营养洗护套装 740g 两瓶装,209
素野,一口价,369,素野多肽赋活修护套装  水+乳+眼霜+面霜,699
魔力鲜颜,一口价,89,魔力鲜颜黄金备长炭SPA净透水润面膜 5片每盒,128
素士,一口价,59,品制500认证 素士声波电动牙刷X1青春版组合套装,79
科颜氏/Kiehls,一口价,259,科颜氏牛油果保湿眼霜 补水淡化眼周细纹黑眼圈 14g 28g,300
兰芝,一口价,178,兰芝经典小白光气垫BB霜 带替换装,189
妮维雅,一口价,22.9,新品 妮维雅男士净油精华抗痘洁面炭泥150g,49
滋源,一口价,89,新品 滋源无患子控油清爽洗发水护发素 265ml 洗发水替换装235ml　油性,174
科颜氏/Kiehls,一口价,159,科颜氏高保湿水乳系列,179
Somang/所望,一口价,69,韩国所望牛奶沐浴露 750ml 绵密泡沫 清爽滋润,299
韩束,一口价,109,韩束山茶花水嫩保湿面膜22片,139
SOS,一口价,79,德国SOS海盐鼻腔喷雾,159
倍瑞傲,一口价,68,LG生活健康 倍瑞傲派缤牙膏  萌绿清新  冰蓝薄荷  任选 2支装,159
优资莱,一口价,109,优资莱去角质凝露250g,179
舒客,一口价,39.9,舒客宝贝液体牙膏兔子款 鳄鱼款 4支装,116
娜丽丝,一口价,69,Naris 娜丽丝保湿美容液UV防晒喷雾,99
熊野油脂/Kumano,一口价,59,熊野油脂马油沐浴露 600ml,73
番茄派,一口价,69,番茄派懒人大肚贴  两盒装,120
SPA TREATMENT,一口价,419,新品 日本进口 spa treatment 蛇毒纤瘦暗黑水精油 100ml,459
化妆品2,一口价,69,芬芳花香 美皙丝滑 蔻斯汀樱花花瓣沐浴露 720ml,99
兰芝,一口价,159,新品 LANEIGE 兰芝雪纱丝柔防晒隔离霜新款 SPF25 PA++ 两款可选,299
艾馨尚,一口价,298,艾馨尚艾灸美容推拿仪   艾灸推拿按摩三合一,576
妮维雅,一口价,37.5,新品 妮维雅凝水活采泡沫洁面乳 100g三支装,87
雅漾/Avene,一口价,79,雅漾喷雾法国活泉水  多规格可选,148
贝德玛/Bioderma,一口价,99,贝德玛舒妍净妍洁肤液  卸妆水500ml 粉水 蓝水可选,129
御泥坊,一口价,99,御泥坊美白透润面膜套装 21片,199
安耐晒,一口价,189,2018新版 ANESSA安耐晒  防晒60ml SPF50+PA++++ 三款可选,299
高姿,一口价,59,高姿一片霸瓶面膜 5片装 买一盒赠一盒,99
FREEZEFRAME,一口价,289,新品 澳洲Freezeframe紧致塑形丰胸霜 100ml,339
爱茉莉,一口价,75,爱茉莉 紫红棕黑绿吕 洗发 洗护 套装 可选 400ml 2瓶,198
珀莱雅,一口价,129,新品 珀莱雅黑珍珠净亮采泡泡SPA面膜 5片每盒规格见选项,129
韩后,一口价,75,韩后太阳蛋清透倍护防晒乳液（红没药醇系列）,198
娇韵诗/Clarins,一口价,139,娇韵诗白吸盘均衡清洁乳 绿吸盘温和清洁乳,169
施华蔻 /Schwarzkopf,一口价,99,施华蔻怡然染发霜两盒装  多色可选 着色自然,138
原生黄,一口价,16.8,原生黄悬浮芯系列 日用  安心裤,20
优资莱,一口价,69,优资莱净白隔离防晒乳50ML,198
相宜本草,一口价,39,相宜本草去死皮膏 68g每支 规格见选项,49
素野,一口价,328,素野水光玻尿酸高保湿安瓶原液,378
倩碧/Clinique,一口价,209,倩碧升级版卓越润肤乳 天才黄油  有油 无油125mL,295
一叶子,一口价,119,一叶子补水亮采面膜组合20片（玫瑰+山茶花）,198
Thegoatskincare,一口价,98,Aussie袋鼠洗发水护发素发膜套装 可选,138
兰蔻/Lancome,一口价,199,兰蔻清滢柔肤水 嫩肤水 粉水蓝水 200ml 400ml  可选,299
芭妮兰,一口价,99,芭妮兰致柔水润卸妆膏 一瓶装,218
薇新,一口价,259,薇新多功能洁面美容仪,399
素野,一口价,168,素野深层肌底滋养蚕丝面膜 2盒,556
EltaMD,一口价,128,新品 eltaMD 氨基酸深层泡沫洗面奶卸妆洁面乳,189
VT,一口价,109,VT CICA 老虎补水控油抗痘面膜 10片装,210
美迪惠尔(Mediheal),一口价,69,升级版带钢印 美迪惠尔水库面膜,130
爱茉莉,一口价,79,爱茉莉美仙玫瑰橄榄蜂蜜护发油精油70ml 两瓶装,178
AHC,一口价,149,AHC玻尿酸保湿水乳礼盒套装 神仙水乳套装,199
薇新,一口价,298,wellskins薇新微电流智能提拉刮痧按摩仪,398
珀莱雅,一口价,79,新品 珀莱雅水漾芯肌透润水（清润型） 90ml,194
femfresh,一口价,45,femfresh女性护理清洗液250ml 洋甘菊  单瓶装 温和护理,64.5
+的意义,一口价,89,+的意义樱花SPA柔顺洗护套装 洗发水+护发素,120
SNP,一口价,89,SNP 自然水营养面膜春季套盒 12片装（绿茶 樱花 玫瑰各4片）,199
Aquafresh,一口价,75,意大利Aquafresh立式按压式三色牙膏100ml  4支装,396
兰蔻,一口价,379,兰蔻肌底赋活 小黑瓶 眼霜,499
御泥坊,一口价,109,御泥坊美肌酵素黑膜礼盒 21片,159
兰芝,一口价,159,兰芝雪纱防晒气垫隔离霜SPF22 PA++30ml 绿隔离 有替换装 提亮肤色,199
DAISO/大创,一口价,39,DAISO大创 两用粉扑 五角形化妆海绵  10枚,39
DAISO/大创,一口价,39,DAISO大创 化妆刷专用清洁剂,39
兰芝,一口价,109,新品 兰芝滋润保湿洁面180ml 红花洗面奶,139
兰芝,一口价,109,LANEIGE兰芝洁面膏洗面奶 多效净肤 毛孔细致 保湿泡沫三款可选,139
欧莱雅/Loreal,一口价,239,欧莱雅葡萄籽限量版套盒,398
Hopkins lab,一口价,99,hopkins lab 提拉紧致1号眼霜,198
SHANGPREE,一口价,169,SHANGPREE香蒲丽眼膜贴60片 海洋水光人参果修复 两款可选,298
膜法世家,一口价,109,新品 膜法世家吸黑焕采三合一面膜套盒 每盒21片,249.9
素野,一口价,139,素野多肽紧致眼霜   15g,199
雪花秀/SULWHASOO,一口价,659,雪花秀滋盈肌本润颜水乳套装,799
美迪惠尔(Mediheal),一口价,79,美迪惠尔升级版面膜 维生素面膜 毛孔紧致黑面膜 胶原蛋白面膜 三款可选,129
资生堂/Shiseido,一口价,89,资生堂豪华级嘉美艳容露 神仙水 爽肤化妆水150ml  2瓶装,258
ANJERI,一口价,118,泰国ANJERI 蚕丝面膜 金色 银色两款可选 一盒10片,159
Mistine,一口价,69,Mistine24小时不易脱妆粉底液 自然色  象牙白 两款可选,79
AHC,一口价,89,AHC B5玻尿酸洗面奶 180ml,159
DAISO/大创,一口价,39,新品  DAISO 大创5件套便捷化妆刷,39
DAISO/大创,一口价,45,DAISO 大创 ER乳液 120ml,100
雅诗兰黛/EsteeLauder,一口价,338,雅诗兰黛DW持妆无暇气垫BB霜  防水防汗防晒 全天不脱妆,420
AHC,一口价,89,AHC B5玻尿酸 保湿爽肤水100ml 补水保湿,129
JM Solution/肌司研,一口价,65,JM Solution 防晒喷雾全身清爽防水防汗spf50 180ml 珍珠 玫瑰两款可选,159
TT,一口价,159,TT蜗牛胶原天丝面膜 规格可选,450
妮维雅,一口价,29.9,新品 妮维雅云柔洁面慕斯 150ml,59
狮王,一口价,49,日本狮王大白牙膏150g 三只装 泡沫绵密,75
熊野油脂/Kumano,一口价,69,熊野油脂马油洗护600ml 2瓶装 可选,169
倍瑞傲,一口价,45,韩国LG健康生活 倍瑞傲TOTAL7基本护理 集中护理牙膏 120g,198
JAYJUN,一口价,89,JAYJUN 防雾霾保湿隔离防晒霜 SPF50+PA++++,199
韩束,一口价,49,韩束巨补水墨菊保湿洁面乳,79
雅诗兰黛/EsteeLauder,一口价,219,迪奥DIOR全新烈艳蓝金唇膏3.5g   多色可选,279
玻儿,一口价,79,新品 玻儿救救我气垫CC霜 买就赠替换装,149
素野,一口价,499,素野花凝玉肌亮肤套装,709
倍轻松,一口价,399,新品 倍轻松眼部按摩器升级款isee18,999
番茄派,一口价,69,【秋冬囤货提前购】番茄派山羊奶护手霜 买10送10，实发20支,400
Beauty&nbsp;Buffet&nbsp;Scentio,一口价,59,2支装 Beauty Buffet Q10洗面奶100ml,210
阿道夫,一口价,88,新品 阿道夫去屑止痒控油洗护洗发 500g  2件套可选,155.5
BEELY,一口价,89,新品 BEELY彼丽清透无暇丝袜喷雾 120ml 2瓶装,258
高姿,一口价,89,高姿匀净透亮萃白水（大白水）150ml,148
unny,一口价,75,Unny悠宜温和卸妆水500ml,79
SOS,一口价,79,德国sos 热灼冷凝清凉膏 75ml,159
P&S,一口价,169,P＆S轻盈光采妆前隔离霜,189
妮维雅,一口价,58.5,新品 妮维雅男士焕 白亮肤洁面乳100g,117
素野,一口价,129,素野深层净透卸妆膏  100g,159
LG,一口价,147,LG ON THE BODY香水沐浴露  甜蜜爱情 快乐微风 2种可选 3瓶装,327
高姿,一口价,229,高姿匀净透亮萃白四件套礼盒（洁面+大白水+透亮精华+萃白乳霜）,299
SOS,一口价,99,德国sos股间祛痔护理膏 30g,139
曼秀雷敦,一口价,69,曼秀雷敦男士洁面乳150ml每支,150
P&S,一口价,99,P＆S眉笔眼线液双头笔 0.2g+0.5ml 双头双效,129
冈本,一口价,98,新品 冈本OK安全套0.03白金超薄6只装,120
JM Solution/肌司研,一口价,75,JM Solution 保湿喷雾 润光花朵深层保湿喷雾 珍珠 玫瑰 150ml,99
Dr.Ci:Labo 日本城野医生,一口价,109,Dr.Ci:Labo 城野医生Labolabo毛孔收敛化妆水 100ml 200ml可选,139
珍视明,一口价,98,珍视明蒸汽眼罩 洋甘菊香型 1盒10片 2盒装,216
菲奥娜（iFiona）,一口价,139,iFiona菲奥娜星光璀璨液体口红礼盒 6支装,199
韩后,一口价,158,新品 韩后黑酵母修护安瓶精华液2mlX14支,199
香奈儿,一口价,599,香奈儿蔚蓝男士淡香水 50ml,609
P&S,一口价,108,P＆S睛彩浓密睫毛膏  4ml+4ml,108
PONY EFFECT,一口价,119,PONY EFFECT持久遮瑕妆前乳 为三种不同肤质定制,119
杜蕾斯,一口价,259,杜蕾斯焕觉多功能震动棒 赠K-Y15g人体润滑剂,1117
SPC,一口价,69,SPC蛇毒 补水紧致面膜 50片装,89
Evian 依云,一口价,79,依云保湿舒缓矿泉水喷雾,148
露得清/Neutrogena,一口价,99,露得清轻透防晒乳液88ml 轻透沁凉防晒喷雾155g,139
御泥坊,一口价,109,御泥坊美白补水雪肌宠润淡斑三件套,280
伊思,一口价,209,新品 Its skin伊思晶钻蜗牛霜,230
素野,一口价,129,素野多肽赋活水  100ml,199
雪花秀/SULWHASOO,一口价,209,雪花秀 雨润睡眠面膜120ml 玉容撕拉面膜150ml 可选,299
AHC,一口价,199,AHC B5玻尿酸 乳液 爽肤水 水乳套装 保湿补水,398
芙丝,一口价,59,voss芙丝锁水保湿喷雾150ml,169
得鲜（THESAEM）,一口价,49,得鲜济州岛鲜鲜芦荟胶300ml 清爽不黏腻 晒后修护 快速补水,118
薇风/Wellfon,一口价,149,薇风第四代大水滴 补水精华凝乳面膜 两盒装,398
欧诗漫,一口价,199,新品 欧诗漫珍珠白净透美白礼盒,591
资生堂/Shiseido,一口价,99,SHISEIDO 资生堂 安耐晒防晒霜 20ml 淡金瓶,199
御泥坊男士,一口价,69,新品 御泥坊男士控油洗面奶套装2支装（黑茶+火山泥）,79
御泥坊,一口价,59,御泥坊美白嫩肤睡眠面膜180g,99
雅诗兰黛/EsteeLauder,一口价,249,雅诗兰黛ANR小棕瓶眼霜眼精华家族 眼膜 四款可选,329
高姿,一口价,39.9,高姿倍护防晒 多种规格可选,168
花瑶花,一口价,129,花瑶花法国玫瑰 自然水嫩睡眠面膜2盒装,218
参天,一口价,79,FX NEO清凉眼药水 乐敦小红花眼药水 2瓶装 可选,109
Mistine,一口价,59,Mistine   AQUA水感清透身体专用防晒霜SPF50PA+++ 70ml,89
黑人,一口价,49.9,黑人牙膏专研系列牙膏120g 三支装,108
比那氏/Propolinse,一口价,49,Cosme大赏Propolinse比那氏蜂胶漱口水 600ML 单瓶装,139
JM Solution/肌司研,一口价,65,JM Solution 润光花朵轻型防晒棒 21g 玫瑰 珍珠两款可选,99
御泥坊,一口价,65,御泥坊亮采金桂花眼膜贴 60片1盒,89
兰芝,一口价,329,LΛNEIGE 兰芝 清爽 滋润礼盒套装 缺水肌肤的小水库,459
舒客宝贝,一口价,59,舒客儿童牙刷牙膏套装 迪士尼款 漫威英雄苏菲亚公主 2套装,102
DAISO/大创,一口价,39,日本DAISO大创 防水定妆眉毛雨衣,39
珀莱雅,一口价,109,珀莱雅隔离紫隔 绿隔可选 40ml,146
JAYJUN,一口价,109,JAYJUN 三部曲面膜 一盒10片  水光针 樱花 两款可选,109
优资莱,一口价,109,优资莱白茶水漾透白淡斑精华液,159
伊思,一口价,86,It's skin伊思晶钻美肌蜗牛洗面奶 150ml,199
Regenerate,一口价,88,新品 REGENERATE瓷白透明修复牙釉质牙膏 75ml,109
狮王,一口价,105,日本LION狮王PAIR祛痘软膏 24g,109
小林制药,一口价,69,日本小林制药斑膏30g,99
兰芝,一口价,59,兰芝LΛNEIGE 睡眠面膜迷你装 两款可选15ml,118
菲奥娜（iFiona）,一口价,69,iFiona菲奥娜 臻彩液体口红,128
三生花,一口价,69.9,新品 百雀羚三生花小雀幸缤纷紧致舒缓补水面膜 5片每盒 15片30片可选,567
雅诗兰黛/EsteeLauder,一口价,329,雅诗兰黛DW持妆粉底液30ml无压嘴,359
原生黄,一口价,95,原生黄卫生巾3+1组合 全棉柔组合4盒装,129.4
原生黄,一口价,90,原生黄卫生巾七日呵护组合  棉柔超薄混合6包装,161.4
原生黄,一口价,68,原生黄棉柔系列  日用  夜用  两用  迷你  护垫,80
纪梵希（Givenchy）,一口价,229,纪梵希高级定制黑管唇膏  小羊皮口红,299
AMATO 9to5,一口价,49,新品 AMATO 9to5劲亮柔滑眼线笔,69
迪奥（Dior）,一口价,399,Dior迪奥FOREVER凝脂恒久长效保湿粉底液SPF25,459
古琦/Gucci,一口价,349,古驰Gucci 竹韵魅力女士淡香精 木质花香调,349
理肤泉/Laroche Posay,一口价,89,理肤泉舒缓调理喷雾300ml,109
施华蔻 /Schwarzkopf,一口价,89,新品 施华蔻斐丝丽泡泡染发乳 奶茶栗棕焦糖咖棕樱桃丽棕奶油浅咖,109
爱敬,一口价,179,Aekyung AGE 20’ 爱敬 爱纪二十之 气垫bb水粉霜黑金限量套盒水光粉底,299
菲奥娜（iFiona）,一口价,89,新品  菲奥娜浮光幻影珍藏版化妆刷6件套装,89
COCOVEL/蔻露薇,一口价,79,新品 cocovel水润蛋白洗发洗护洗沐 750ml 柔雅迷漾洗沐 380ml 2瓶装可选,89
可思美,一口价,879,新品  CosBeauty可思美IPL光子脱毛仪,879
莱珀妮,一口价,2299,莱珀妮鱼子精华琼贵面霜50ml,2499
水密码,一口价,159,水密码海泉深透美肌礼盒（洁面乳+细肤水+精华乳）,189
森田药妆（DR.Morita）,一口价,109,新品 森田祛 斑修护保湿面膜,148
科颜氏/Kiehls,一口价,159,新品 科颜氏高保湿洁面啫喱150ML洗面奶 洁面乳 补水保湿,180
SOS,一口价,79,德国SOS脚部除味喷雾 250ml,99
欧莱雅,一口价,89,欧莱雅男士劲能醒肤露50ml,140
PITTA,一口价,79,日本pitta mask口罩 黑灰色3只 2袋装,198
狮王,一口价,59,日本lion狮王 面包超人幼儿护齿牙膏 蜜瓜味 草莓味 可选 4支装,80
森田药妆（DR.Morita）,一口价,109,森田玻尿酸复合原液面膜15片装,159
自然乐园,一口价,78,韩国自然乐园芦荟胶2罐装 舒缓保湿 防晒 晒后修复,104
黑人,一口价,49.9,黑人极尚超白牙膏 果漾薄荷 沁爽薄荷 120g,117
雅顿/ElizabethArden,一口价,89,伊丽莎白雅顿ElizabethArden 绿茶女士香水  第五大道女士淡香精,99
丹麦·安徒生,一口价,129,安徒生沐浴啫喱套装升级款 300ml 玫瑰 芍药 樱花 3瓶装 送泵头,208
P&S,一口价,59,P＆S温泉舒缓净透卸妆水,69
薇诺娜,一口价,159,新品 薇诺娜悦享安肤舒敏套组,242
库米,一口价,69,库米智能声波电动牙刷  5档模式  智能定时,69
阿芙,一口价,109,阿芙补水双效精油面膜套组（檀香12片+天竺葵12片）,298
相宜本草,一口价,188,相宜本草红景天幼白礼盒（水+乳+隔离防护乳+小样X2）,238
植美村,一口价,45,植美村蜂蜜去角质啫喱130ml一支,78
可思美,一口价,3699,CosBeauty可思美悦致焕颜射频活肤仪,3700
luna,一口价,1019,Luna露娜mini2硅胶净透充电洁面仪 玫红色  粉红色,1019
奔腾,一口价,119,Povos奔腾负离子防静电按摩梳pw215,119
化妆品1,一口价,139,P＆S倾慕盈润唇膏（口红）,199
化妆品1,一口价,39,韩束蜗牛抚纹紧致修颜霜（BB霜）40ml,99
舒客,一口价,49,舒客白牙素牙膏 脱渍型 闪耀型 各1盒（120克2支装）护龈变色牙刷 1组,216
素野,一口价,159,素野樱花舒润空气感两部曲面膜,189
薇新,一口价,169,品制500认证 WellSkins薇新离子振动温热美眼仪,189
AHC,一口价,79,AHC 第六代 B5玻尿酸眼霜 去眼袋细纹黑眼圈紧致保湿 30ml,99
Mistine,一口价,69,泰国Mistine羽翼粉饼 10g 象牙白自然白 两色可选,169
素野,一口价,99,素野稻米均衡洁面慕丝  130ml,139
YU.R,一口价,89,韩国YU.R 巧克力鼻贴 优雅毛孔护理套装 （黑头软化贴10片+鼻膜30ml）,159
DAISO/大创,一口价,39,新品 DAISO大创 双眼皮贴86枚  纤细型,39
高姿,一口价,159,高姿匀净明星三件套（洁面+水+乳）,494
贝医生,一口价,59,新品 贝医生0+漱口水（蜂胶青竹）30条装,99
雅诗兰黛/EsteeLauder,一口价,349,雅诗兰黛 青春凝时抗皱系列 滋润眼霜15ml 面霜50ml 可选,435
迪奥（Dior）,一口价,219,Dior迪奥粉漾魅惑变色润唇膏 3.5g  粉嫩水润,249
杰士邦,一口价,69,新品  杰士邦3D大颗粒12只装避孕套,90
科颜氏/Kiehls,一口价,249,科颜氏高保湿面霜 角鲨烷保湿霜50ml 125ml,300
玛丽黛佳,一口价,75,玛丽黛佳元气缤纷四色眼影（1盘4色）,99
虞美人,一口价,139,虞美人梳子玫瑰礼盒套装,139
杰士邦,一口价,79,新品  杰士邦经典四合一24只装避孕套,100
杰士邦,一口价,59,新品  jissbon杰士邦敢做敢爱10只装避孕套,60
BlackMores/澳佳宝,一口价,89,澳洲BLACKMORES澳佳宝维生素E润肤霜 50g两只,278
兰蔻,一口价,409,兰蔻大眼精华眼部精华肌底液20ml,599
希思黎/Sisley,一口价,159,希思黎旅行套装7件套,299
DAISO/大创,一口价,39,新品  DAISO大创 粉扑清洗剂,39
彼得罗夫,一口价,199,新品 彼得罗夫小黄瓜青瓜补水啫喱面膜150ml,388
素野,一口价,396,素野心水保湿三件套  2套装,596
舒客,一口价,69,舒客早晚牙膏 流光白活炭  立清火 （65g+65g）3组装,85.5
KISS,一口价,199,KISS粉红色卷发棒 快速升温  防止打结  包装新升级   赠彩虹气垫梳,239
杜蕾斯,一口价,105,杜蕾斯 超薄尊享三合一和活力装12只 赠亲昵装4只,119
小迷糊,一口价,398,精品套包 相宜本草红景天淡纹红运礼盒,398
鸢苏,一口价,79,鸢苏时尚经典活色健康指彩礼盒   赠礼袋,168
Eaoron,一口价,209,新品 澳洲EAORON涂抹式减脂膏 150ml,220
一叶子,一口价,398,一叶子覆盆子紧致细肤四件套（洁面+保湿水+保湿乳+面霜套盒）,398
蒂欧尼,一口价,99,蒂欧尼美容喷雾补水仪N7升级版,99
化妆品1,一口价,219,韩束耀水嫩山茶花宠爱礼盒（洁面+保湿露+保湿乳+精华霜）,299
兰芝,一口价,159,兰芝水衡清盈保湿乳120ml 兰芝水衡透润保湿乳 120ml,178
雅诗兰黛/EsteeLauder,一口价,389,雅诗兰黛ANR小棕瓶特润修护肌透精华露 精萃蜜 胶囊可选 钢铁侠面膜可选,699
玛丽黛佳,一口价,149,玛丽黛佳星际口红5支唇膏口红全套小样组合彩妆套装,149
马克·雅可布(MARCJACOBS),一口价,369,Marc Jacobs马克雅可布小雏菊女士淡香水50ml,399
菲拉格慕/Ferragamo,一口价,145,菲拉格慕女士淡香水多款可选,299
娇兰,一口价,359,新品  法国娇兰幻彩流星蜜粉餅10g  一抹璀璨  美颜光芒,359
化妆品1,一口价,65,一叶子泥膜150g 可选（绿 黑 粉 可选）,89
Mistine,一口价,69,Mistine24小时轻薄透气散粉透明色 22g,79
原生黄,一口价,104,原生黄超薄卫生巾3+2组合（5盒）,150
JAYJUN,一口价,109,JAYJUN 新生能量绿茶眼膜 洛神花眼膜,199
优资莱,一口价,139,优资莱白茶素颜霜 50g,288
DIAFORCE,一口价,79,DIAFORCE 黄金钻石眼膜 贵妇眼膜 60片  抗细纹 淡化黑眼圈  一盒两盒可选,99
柳屋/YANAGIYA,一口价,89,日本柳屋头皮营养液 滋养头皮 240ml,169
魅可,一口价,149,MAC魅可 时尚唇膏口红3G 持久显色 滋润补水 裸妆多色,199
Mistine,一口价,69,Mistine泰国4D睫毛膏 防水不晕染 卷翘浓密纤长 5.5g,99
薇诺娜,一口价,219,新品 薇诺娜柔润保湿补水欣享套组,314
薇诺娜,一口价,119,新品 薇诺娜隐形消 痘趣味贴组合,194
AMIRO,一口价,399,新品  AMIRO 高清Led日光镜全新mini款,399
panggao攀高,一口价,499,新品  攀高智能腰腹部按摩仪,499
女装-1,一口价,1599,【秒杀】refa经典2轮,1599
Balea,一口价,109,Balea芭乐雅提拉紧致保湿玻尿酸精华 平衡舒缓蓝盒多盒可选,158
相宜本草,一口价,39,相宜本草芯净自然净妆洁面两用乳80g每只,49
美宝莲,一口价,69,美宝莲橡皮擦遮瑕笔 6ml,99
薇婷/Veet,一口价,49.9,薇婷丝滑沁香脱毛膏 温和护肤型 80g,99
化妆品1,一口价,39,一叶子芦荟凝胶 180g每盒 规格可选,39
涵佩,一口价,99,超吸油 想瘦哪里喷哪里 日本进口 涵佩美体紧实噼里啪啦喷雾 150g,189
爱敬,一口价,159,Aekyung AGE 20’ 爱敬 爱纪二十之 精华气垫BB霜粉底膏白盒 粉盒两款可选 带替换装,199
谜尚,一口价,69,谜尚修容防晒BB霜 50ml  防晒裸妆一支到位,99
Coppertone/水宝宝,一口价,49,Coppertone水宝宝防晒霜SPF50 温和配方 不油腻,80
原生黄,一口价,106,原生黄卫生巾月安心组合  全棉柔组合6包装,170.8
贝医生,一口价,59,新品 贝医生0+专研美白牙膏 140g 三支装,79
KRACIE/肌美精,一口价,79,KRACIE 肌美精3D保湿面膜30ml 4片,99
珀莱雅,一口价,79,珀莱雅玩转地球防晒BB霜旅行套装,234
Eaoron,一口价,109,EAORON美白精华油胶囊 10粒 108粒 两款可选,398
原生黄,一口价,118,原生黄卫生巾流量包组合 全棉柔组合,168.8
兰芝/Laneige,一口价,149,兰芝水库凝肌活颜精华爽肤水200ML 清爽型 水润舒缓 水油平衡,199
lena,一口价,139,lena单功能陶瓷电卷发棒LN-507,139
水密码,一口价,99,水密码人鱼膜法黑白配面膜 30片,139
CASMARA,一口价,79,Casmara卡蔓涂抹式面膜,128
素野,一口价,298,素野心水保湿三件套 1套装,298
化妆品1,一口价,109,一叶子水润焕采蝶翼眼膜 10片每盒 20片装规格可选,150
青茶萃,一口价,89,大三湘青茶萃控油无硅山茶洗发水 500ml,99
丸美,一口价,119,新品 丸美紧致眼袋眼凝胶25g,159
水宝宝/Coppertone,一口价,59,Coppertone水宝宝水嫩持续防晒喷雾SPF50 170g 芦荟胶226g 可选,99
金稻,一口价,278,金稻冷热温三合一离子蒸脸仪,278
小迷糊,一口价,398,精品套包 相宜本草莲花生水涟涟好运礼盒,398
范思哲/Versace,一口价,149,范思哲 Versace 蓝色牛仔可乐中性男士淡香水75ml  清新木质香调,169
BURBERRY,一口价,139,博柏利BURBERRY伦敦布格淡香水 淡香精 花香调,179
范思哲/Versace,一口价,298,范思哲同名男士淡香水50ml  低调  典雅,298
宝格丽/Bvlgari,一口价,359,宝格丽新款海洋活力海洋能量淡香水100ml,359
SK2,一口价,409,SK-II 超解析光感钻白修护凝霜UV 50g,599
高姿,一口价,398,开店礼包 高姿萃白奢宠臻享礼盒,569
希思黎/Sisley,一口价,679,Sisley希思黎全能乳液 深层滋养,899
JM Solution/肌司研,一口价,69,JM Solution 莹润蜂胶眼霜（黒臻版）40ml,99
蔻斯汀,一口价,99,新品 蔻斯汀花瓣沐浴露 樱花 茉莉 玫瑰 380ml 共三瓶,132
雅诗兰黛/EsteeLauder,一口价,519,雅诗兰黛多效智妍系列套装,699
SOS,一口价,65,德国sos液体创口贴 60ml,99
水宝宝/Coppertone,一口价,89,Coppertone水宝宝防晒喷雾KIDS版 SPF50 177ml瓶,159
雪花秀/SULWHASOO,一口价,199,雪花秀顺行洗面奶 柔和洁颜泡沫 洁面卸妆油 200ml 可选,268
P&S,一口价,149,今日爆款 P＆S水光无瑕羽感气垫霜,398
阿玛尼/Armani,一口价,479,Armani阿玛尼 Maestro大师滴管Glow精油滴管粉底液 30ml 保湿遮瑕 修饰肤色,499
兰蔻,一口价,439,兰蔻清滢速洁眼部卸妆水200ml 2瓶装,529
佰草集,一口价,698,精品套包 佰草集新玉润保湿尊享礼盒,698
宝格丽/Bvlgari,一口价,319,宝格丽碧蓝水能量男士淡香水,399
Refa,一口价,1599,ReFa滚轮按摩美容仪   提拉紧致,1599
御泥坊男士,一口价,45,御泥坊男士橄榄石畅透亮肤黑面膜5片,99
碧欧泉/Biotherm,一口价,319,碧欧泉男士水凝润泽霜套装 两款可选,350
LG,一口价,59,LG ON THE BODY 开司米香水身体乳 甜蜜恋爱 400ml,99
丸美,一口价,308,丸美 白色之恋纯白淡黑眼霜20g,338
诗梅迪SUR.MEDIC,一口价,188,韩国 诗梅迪SUR.MEDIC24K金黄金金箔高浓缩精华液 100ml,380
breeze,一口价,599,新品  breeze倍滋智能健腹器 塑形健身,799
相宜本草,一口价,259,新品 相宜本草四倍蚕丝凝亮补水尊享护肤6件套,498
御泥坊,一口价,599,精品套包 御泥坊小金瓶鎏金臻颜五件套礼盒,998
Embryolisse,一口价,138,新品 Embryolisse 保湿妆前乳 保湿霜 法国大宝,178
Facelle,一口价,75,德国原装进口Facelle菲思乐4滴水三包装,75
KAO 花王,一口价,99,Kao 花王酵素护齿美白牙膏 10只装,220
一叶子,一口价,90,一叶子 补水亮采面膜,99
花王（Kao）,一口价,79,花王Kao蒸汽眼罩14片装 3味可选,168
托马斯和朋友/THOMAS&FRIENDS,一口价,115,托马斯和朋友智能健康牙刷-AR深度洁齿版,115
Eaoron,一口价,252.5,EAORON水光针玻尿酸胶原蛋白补水面膜5片装 黑面膜 白面膜 2款可选,457
雅诗兰黛/EsteeLauder,一口价,139,雅诗兰黛小样套装,299
Beauty Bar,一口价,518,日本原装进口Beauty Bar 24k 黃金美容棒  T头,518
金稻,一口价,159,金稻纳米离子喷雾补水仪便携式冷喷KD77A,159
花瑶花,一口价,75,花瑶花金银花舒缓润妍喷雾 270ml,188
oralshark,一口价,85,Oralshark大鲨鱼声波电动牙刷 适合亚洲人 无线充电 超长续航,89
杜蕾斯,一口价,217,杜蕾斯人体润滑液 甜诱草莓  水润芦荟 双瓶组合 缤纷情趣,277
英国ZITALEN,一口价,99,ZITALEN魔术卸妆巾 清水卸妆 一抹无痕 重复使用,398
菲奥娜（iFiona）,一口价,85,IFIONA菲奥娜多功能化妆刷套装 5支装 牙刷型,100
高夫,一口价,158,高夫：男士古龙水0号 60ml  馥奇香型,198
FORENCOS,一口价,118,Forencos 恋恋不忘系列唇膏指甲油礼盒装 持久饱满 一见倾心,118
阿玛尼/Armani,一口价,409,阿玛尼寄情水男士淡香水50ml,409
ck,一口价,139,CK因为你喜欢你淡香水50ml 男士,199
迪奥（Dior）,一口价,459,迪奥DIOR梦幻美肌气垫修颜霜（15g +15g替换装）,499
兰蔻,一口价,299,法国兰蔻女士miracle香水香氛30ml 50ml 100ml,359
资生堂/Shiseido,一口价,209,新品 资生堂盼丽风姿洁面洁面套装,300
娇韵诗/Clarins,一口价,289,娇韵诗套盒 护肤套盒 彩妆套盒可选,339
兰蔻,一口价,759,兰蔻小黑瓶系列套装,799
希思黎/Sisley,一口价,465,新品 希思黎植物洁面摩丝125ml,569
Exideal,一口价,1899,日本Exideal LED大排灯小排灯家用光疗美容器,1899
金稻,一口价,118,金稻负离子直发梳    多功能造型,179
韩粉,一口价,98,韩粉世家极光闪耀柔润唇膏3.5g,98
化妆品1,一口价,398,精品套包 韩束聚时光奢养奇肌礼盒,598
dermanour 多魅诺,一口价,149,Dermanour多魅诺皇冠霜 30g,216
玛丽黛佳,一口价,139,玛丽黛佳元气青柠气垫霜 规格可选,179
DIAFORCE,一口价,109,DIAFORCE 瑞拉迪雅芙丝黄金睡眠眼贴 14对,199
ROSIEN,一口价,99,ROSIEN露丝涂抹式水光针 羊胎素玻尿酸面部精华液,160
DAISO/大创,一口价,59,日本DAISO大创 女性专用 生理用清洗剂 80ml 2瓶装,170
海蓝之谜/LAMER,一口价,1299,LAMER海蓝之谜浓缩修护眼霜 15ml,1700
奔腾,一口价,89,奔腾（POVOS） PR3018电动理发剪 家庭理发器,99
珀莱雅,一口价,118,珀莱雅靓白肌密超级名模BB霜 两色可选,146
DU’IT,一口价,79,新品 澳洲DU'IT 急救手膜 150g 足膜 50g 可选,99
香奈儿,一口价,689,CHANEL香奈儿五号淡香水 EDT50ml,850
香奈儿,一口价,429,CHANEL香奈儿轻盈蜜粉 30g,499
资生堂/Shiseido,一口价,49,日本进口资生堂  可悠然美肌沐浴露  花漾之恋 碧野悠悠 550ml 1瓶装 可选,56
日本VAPE,一口价,119,新品 VAPE 未来3倍驱蚊效果 无味静音电子驱蚊器 150日200日可选,218
Eaoron,一口价,99,澳洲Eaoron水光针3代涂抹式玻尿酸精华原液10ml,149
金稻,一口价,2099,金稻LED彩光嫩肤仪大排灯,2099
欧莱雅,一口价,598,精品套包 欧莱雅金致奢养紧致礼盒,598
CLE DE PEAU,一口价,329,CPB 肌肤之钥 细管盈透唇膏 口红替换装 轻吻盈透 甜蜜丝滑,369
番茄派,一口价,69,番茄派 猪皮胶原弹力蜡膜美足护理 160ml 2瓶,260
BEELY,一口价,129,彼丽西柚轻盈清体足贴 60贴一盒 2盒装,149
BOTANIST植物学家,一口价,118,新品 BOTANIST植物学家 天然植物精华顺滑洗发水或护发素可选 490ml,168
Eaoron,一口价,109,澳洲eaoron微雕科技面膜 肉毒杆菌驻颜科技面膜1盒5片,149
德尔玛,一口价,419,德尔玛无线电动防水负离子硅胶按摩洗澡刷,419
蔻依,一口价,399,蔻依爱语love story(爱情故事)女士淡香精 50ml   75 ml,419
雅诗兰黛/EsteeLauder,一口价,359,雅诗兰黛全日防护套装 多款可选,499
奥碧虹,一口价,399,新品 澳尔滨清新活润精华液40ml,420
丸美,一口价,368,丸美巧克力丝滑保湿亮肤3件套,378
蔻依,一口价,359,蔻依CHLOE经典同名女士淡香精,419
三生花,一口价,329,百雀羚三生花舒缓细肤嫩妍舒润礼盒,409
圣罗兰/YSL,一口价,419,圣罗兰YSL明彩亮颜粉底液  修饰肤色 定妆服帖 隐形毛孔,439
娇兰（Guerlain）,一口价,309,法国娇兰小黑裙女士淡香水50ml  花果香调,349
娇兰（Guerlain）,一口价,449,法国娇兰幻彩流星亮肤修颜液  30ml  弱化瑕疵  均匀肤色  闪亮底妆,469
娇兰（Guerlain）,一口价,519,法国娇兰金钻修颜粉底液  30ml  畅销的明星粉底液,519
波比布朗,一口价,279,大师级眼线膏 BOBBI BROWN芭比波朗流云眼线膏套装 黑 咖啡 不晕染持久防水,319
资生堂/Shiseido,一口价,59,资生堂洗面奶洗颜柔澈泡沫洁面乳120g 两支装,118
兰蔻,一口价,489,兰蔻小黑瓶精华肌底液 还原年轻肌肤,760
纪梵希,一口价,289,纪梵希新款粉色细管小羊皮  限量变色润唇膏,299
納斯,一口价,239,NARS纳斯炫色腮红胭脂  修饰轮廓 提升气色,239
赫莲娜/HR,一口价,239,HR 赫莲娜浓密卷翘防水睫毛膏  豹纹、蕾丝、蟒蛇纹可选,299
乐敦（ROHTO),一口价,89,乐敦 小红花眼部护理液 隐形适用款8ml普通款8ml 2瓶装,198
御泥坊,一口价,39,御泥坊细嫩黑糖黑面膜 7片,49
阿芙,一口价,149,阿芙精油（茶树 薰衣草可选）10ml,169
阿玛尼,一口价,519,阿玛尼17年新款轻垫丝光清透气垫BB霜粉底液SPF23,519
花皙蔻,一口价,218,新品  花皙蔻氨基酸洁面小白刷  可直接卸妆,277
阿道夫,一口价,98,新品 阿道夫控油清爽洗发洗护洗沐 500g 2件套 可选,167
海蓝之谜/LAMER,一口价,949,海蓝之谜修护精粹液 150ML 焕活修护,1100
海蓝之谜/LAMER,一口价,1899,海蓝之谜活颜精华露 30ml 修护精华,3000
Lucas,一口价,69,新品 Lucaspapaw 澳洲天然木瓜膏 25g 两支装,90
ESPOIR,一口价,158,ESPOIR爱茉莉艾丝珀长柄粉底刷BB霜刷,158
圣罗兰/YSL,一口价,219,新品  YSL圣罗兰莹亮灿金唇彩情挑诱吻唇蜜 滋润保湿,289
歌歌兰妮,一口价,159,歌歌兰妮祖马龙香水礼盒,229
香奈儿/Chanel,一口价,278,香奈儿ROUGE ALLURE炫亮魅力丝绒唇膏3.5g,308
欧蕙,一口价,89,O HUI 欧蕙 水分超值3件套迷你装,139
雪花秀/SULWHASOO,一口价,59,新品 雪花秀Sulwhasoo滋晶洗面奶迷你装,109
御泥坊,一口价,179,御泥坊红石榴鲜活焕采弹润紧致4件套,488
植美村,一口价,59,植美村蜡菊多效修护日夜眼霜 2支装,316
倍轻松,一口价,119,Breo倍轻松红色硅胶洁面仪,119
倍轻松,一口价,128,倍轻松 mini硅胶洁面仪（二代升级版）梦幻粉色 毛孔清洁,529
KISS,一口价,55,KISS 彩虹气垫梳 缤纷色彩,59
阿道夫,一口价,85,阿道夫幽香舒体润肤乳 500ml,98
雷瓦,一口价,109,雷瓦女士专用充电式剃毛器   脱毛洗脸二合一套装  全身水洗 腿毛腋毛全身可剃,189
菲拉格慕/Ferragamo,一口价,175,菲拉格慕蓝色经典 非凡之旅男士淡香水  撩妹必备,239
歌歌兰妮,一口价,128,法国香氛世家歌歌兰妮致青春淡香水两瓶装,594
whoo/后,一口价,3049,whoo 天气丹皇后套装11件套,3500
POLA,一口价,718,新品 POLA 新款局部淡斑精华 20g,900
POLA,一口价,4099,新品 POLA宝丽BA GRANDLUXE第2代极光焕彩精华液50g,4500
兰蔻,一口价,719,兰蔻紧致系列套装,1099
BEELY,一口价,138,BEELY彼丽西柚轻盈 艾草生姜足贴 可选 60贴 2盒装,268
P&S,一口价,464,P＆S倾心奢宠限量版,464
戴森/Dyson,一口价,2999,Dyson戴森吹风机 Supersnoic HD01  三色可选,2999
迪奥（Dior）,一口价,499,缪缪同名女士淡香精50ml  100ml 红盖 黄盖 可选,499
LABO体研究所,一口价,19.9,【限量秒杀】Lena多功能卷发器 全新升级版S6T   急速升温,138
迪奥（Dior）,一口价,399,迪奥STAR光采星凝亮肌粉底液SPF30 30ml  两色可选,459
尤妮佳（Unicharm）,一口价,54,Unicharm尤妮佳超吸收超省水保湿型化妆棉每盒40枚 3盒装,60
希思黎/Sisley,一口价,468,新品 希思黎黑玫瑰焕采紧致面膜 植物舒缓面膜60ml,599
美康粉黛,一口价,179,美康粉黛御红颜胶囊精华液,199
美迪惠尔(Mediheal),一口价,89,美迪惠尔缤纷8片限量版礼盒装,129
后（Whoo）,一口价,799,the history of whoo拱辰享水妍6件套装,859
魔力鲜颜,一口价,50,魔力鲜颜：黄金备长炭SPA净透水润面膜 5片,64
希思黎/Sisley,一口价,379,希思黎调理护肤水250ml,459
I'M MEME,一口价,89,新品  pony我爱美眉 我爱百变迷你眼影腮红两用盘,109
范思哲/Versace,一口价,209,范思哲云淡风清男士绅情淡香水 香如其名 30ML EDT,380
娇兰（Guerlain）,一口价,199,法国娇兰Guerlain小黑裙甜漾唇膏多色可选  甜美花果香气,219
资生堂/Shiseido,一口价,349,新品 资生堂悦薇抗皱淡化颈纹霜 75g,369
薇新,一口价,16.8,【限量秒杀】WellSkins薇新女士多功能剃毛器,119
水密码,一口价,58,水密码 冰川矿泉清新丝滑洁面乳100g,58
迪奥（Dior）,一口价,479,Dior迪奥花漾甜心小姐淡香水 淡香精 可选,590
圣罗兰/YSL,一口价,219,圣罗兰YSL2017新款情挑诱吻双色夹心唇膏,299
卓蓝雅,一口价,83,卓蓝雅摩洛哥油发膜30ml 10袋一盒,89
CPB/肌肤之钥,一口价,648,CPB 明星光缎钻光粉底液 转油为光,698
DearColor,一口价,59,新色来袭  DearColor可剥甲油胶美甲套组,59
迪奥（Dior）,一口价,459,迪奥Poison Girl毒药系列香水  红毒 白毒,479
金稻,一口价,258,金稻升级款纳米离子冷热温三用蒸脸仪,258
碧欧泉/Biotherm,一口价,319,碧欧泉男士绿活泉补水洁面修护套装 两款可选,340
娇兰（Guerlain）,一口价,309,娇兰幻彩流星粉球 25g,399
纪梵希,一口价,219,新品 纪梵希禁忌之吻黑管霓虹唇膏,299
薇新,一口价,199,WellSkins薇新 美发风筒造型梳,199
HOLA,一口价,109,新品 Hola赫拉牛奶爆浆早晚安面膜5片,198
P&S,一口价,119,P＆S鎏金润色唇膏（口红）,158
卡姿兰,一口价,55,卡姿兰大眼睛持久液体眼线笔+ 大眼睛俏眉立体眉粉,180
雅萌,一口价,1999,日本雅萌射频毛孔清洁按摩美颜仪HRF-1,1999
lena,一口价,139,Lena卷发棒卷直两用 智能温控,159
迪奥（Dior）,一口价,419,Dior迪奥Addict粉漾诱惑护唇膏独立两件套  明亮唇色,459
兰蔻,一口价,479,兰蔻护肤两件套装 护肤水加卸妆乳 粉水蓝水可选,699
美迪惠尔(Mediheal),一口价,89,MEDIHEA L美迪惠尔三重奏焕颜安瓶 4ml 3支装,99
化妆品1,一口价,219,欧莱雅青春密码酵素眼部精华肌底液,289
范思哲/Versace,一口价,239,范思哲晶钻女士淡香水 粉钻明亮香恋水晶EDT 50ml,299
雪花秀/SULWHASOO,一口价,459,SULWHASOO 雪花秀润肤精华60ml,600
GIORGIO ARMANI（COS）,一口价,219,阿玛尼丝绒哑光液体唇膏唇釉   多色可选,289
兰蔻,一口价,249,兰蔻新清滢系列卸妆乳 200ml 400ml,399
VOODOO,一口价,129,VOODOO泰国巫毒娃娃蛇毒免洗睡眠面膜,160
纪梵希,一口价,219,新品 纪梵希禁忌之吻黑管漆光变色唇膏,299
POLA,一口价,899,新品 Pola WRINKLE SHOT 延缓皱纹 精华,959
珀莱雅,一口价,209,SEKKISEI 雪肌精 花妍特色大礼包（化妆棉+化妆水）,299
化妆品1,一口价,199,韩后芽萃水嫩精华水（小嫩水） 120ml每瓶,259
香奈儿,一口价,699,香奈儿摩登COCO小姐女士淡香精 淡香水50ml 100ml COCO小姐女士淡香精EDP100ml,825
boots/博姿,一口价,75,Boots博姿天然小黄瓜系列套装,177
倩碧/Clinique,一口价,249,倩碧水磁场系列 水润保湿润肤霜50ml  水嫩保湿精华霜,299
Aerogard,一口价,119,进口驱蚊合集 Aerogard驱蚊喷雾 Vape驱蚊器 无比滴,218
卡姿兰,一口价,229,卡姿兰蜗牛气垫调控霜CC霜 带替换装,289
herbal whisper荟诗,一口价,259,新品 荟诗海洋矿物美肤泥面膜 清润舒缓喷雾套装 赠面膜5片,577.5
丸美,一口价,329,丸美弹力蛋白日夜眼精华10g+10g,365
卓蓝雅,一口价,96,卓蓝雅无硅生姜洗发浆或护发浆可选 800ml赠8袋小样,193
杜蕾斯,一口价,99,杜蕾斯魔法装超薄系列18只,217
KISS,一口价,59,KISS魔芋洁面海绵扑   Q弹舒适,69
衰败城市,一口价,299,衰败城市 URBAN DECAY NAKED  12色眼影彩盘,319
原生黄,一口价,77,混合单品57片 原生黄七夕特惠组合,352.6
panggao攀高,一口价,379,新品  攀高Pangao 颈椎按摩仪升级版,499
雅诗兰黛/EsteeLauder,一口价,379,雅诗兰黛奢宠白金系列 微分子原生露可选,459
赫莲娜/HR,一口价,269,HR赫莲娜眼部套装 多款可选,399
SK2,一口价,509,SK-II 青春亮眼精華乳15g,799
阿道夫,一口价,98,阿道夫轻柔丝滑洗发水护发素沐浴露 500g 2件套,148
JM Solution/肌司研,一口价,79,JM Solution肌司研润光欧若拉保湿补水提亮肤色面膜,99
GOODSKY,一口价,169,新品  GOODSKY 吸黑头小气泡美容仪,169
LACUES,一口价,369,新品   澳洲LACUES 滚轮式脸部按摩仪,369
祖马龙,一口价,459,祖马龙香水古龙水30ml,469
TT,一口价,175,TT龙血素生物纤维面膜组 3片每盒 两盒装,218
HOLA,一口价,219,新品 Hola赫拉牛奶水光三件套,257
资生堂/Shiseido,一口价,409,新品 资生堂假日精华套装 3款可选,500
Balea,一口价,78,Balea芭乐雅凡士林润肤霜  3盒装,165
奥洛菲,一口价,149,奥洛菲肤安舒缓修护水 120ml,218
阿芙,一口价,149,阿芙荷荷巴油 100ml,298
娇兰（Guerlain）,一口价,289,娇兰臻彩宝石镜子口红固体唇膏 带小镜子 提升气色  滋润双唇,349
爱马仕/Hermes,一口价,399,爱马仕Hermes橘彩星光女士淡香水 淡香精,419
美康粉黛,一口价,45,美康粉黛眼部组合,98
雅萌,一口价,2799,日本雅萌RF射频美颜机HRF-10T  红光美容仪,2799
VT,一口价,169,VT爆款 CICA老虎气垫  21号23号两款可选,298
科颜氏/Kiehls,一口价,79,科颜氏护唇膏1号15ml,109
贝印,一口价,49,贝印红色修眉刀套装,59
BURBERRY,一口价,319,博柏利Burberry经典款英伦风格女士淡香水100ml,339
韩后,一口价,309,韩后海洋臻润肌密礼盒（洁面+水+乳+霜+面膜+小样X2）,389
兰蔻,一口价,219,兰蔻蓝水清滢嫩肤水200ml 400ml,299
歌歌兰妮,一口价,159,一叶子：植物肽玄米亮颜粉润面膜 5片一盒,169
歌丽姬宝,一口价,108.99,歌丽姬宝深海鱼胶原喷雾（短肽喷雾）30mlX3,267
MUHI池田模范堂,一口价,139,澳洲Aerogard 驱蚊喷雾 250ml 1瓶装,169
化妆品1,一口价,109,美宝莲广角旋转刷头睫毛膏 11ml,129
金稻,一口价,179,金稻纳米离子智能补水仪升级版,179
科颜氏/Kiehls,一口价,229,科颜氏高保湿清爽啫喱面霜50ML 水润不油腻,269
珍视明,一口价,49,新品 珍视明通用护眼贴 一盒15对 两盒装,78
滋源,一口价,125,新品 滋源小麦蛋白 洗发水265ml 2瓶装 精华护发素265ml 共3瓶,151
韩后,一口价,218,韩后矿物净肌磁石泥膜90g（含磁石棒）,328
优资莱,一口价,398,精品套包 优资莱绿茶籽精华滋养尊享礼盒,398
柳屋/YANAGIYA,一口价,79,德国欧倍青 Alpecin 洗发露C1    250ml,99
美宝莲,一口价,89,新品 美宝莲大开电眼眼影盘,109
优资莱,一口价,169,优资莱素颜霜套盒（素颜霜+精华油x3）,299
雅诗兰黛/EsteeLauder,一口价,319,雅诗兰黛红石榴鲜活亮采果萃水 200ml  滋润型 清爽型,700
whoo/后,一口价,859,the history of whoo 后 秘贴精华液礼盒6件套,999
韩束,一口价,129,韩束蜗牛弹嫩紧致精华液,129
倩碧/Clinique,一口价,199,新品 倩碧明肌洁肤水系列 多款可选,299
娇韵诗/Clarins,一口价,359,娇韵诗黄水绿吸盘 绿水白吸盘护肤两件套 200ml 400ml套装可选,499
阿玛尼/Armani,一口价,259,Armani阿玛尼新款矮胖子小胖丁丝绒哑光唇釉  万釉引力  一抹上瘾,299
兰蔻/Lancome,一口价,169,兰蔻 速洁眼部卸妆水125ml 温和清洁眼唇彩妆清爽滋润保湿卸妆液,239
迪奥,一口价,419,Dior迪奥粉漾诱惑护唇套装 护唇膏3.5g加唇蜜6ml,459
素野,一口价,159,【预售】素野竹萃净澈两部曲石墨烯面膜,199
海蓝之谜/LAMER,一口价,1899,Lamer海蓝之谜提拉紧致精华30ml,2099
阿玛尼/Armani,一口价,349,阿玛尼GIORGIO ARMANI 挚爱女士淡香水,389
ck,一口价,219,卡文克莱（Calvin Klein）CK free自由飞男士淡香水100ml,239
优资莱,一口价,398,精品套包 优资莱美白淡斑至尊套盒,498
DAISO/大创,一口价,45,DAISO 大创 ER化妆水乳套装,100
JAYJUN,一口价,119,JAYJUN 三部曲面膜 一盒10片  水光针 樱花 两款可选,199
#BBF波波熊,一口价,229,BBF波波熊迷你小熊香水,379
AHC,一口价,135,韩国AHC黄金水24K玻尿酸保湿淡斑爽肤水140ml,200
高姿,一口价,39.9,高姿辣木籽净透洁面膏100g,59
beauty buffet,一口价,69,新品 泰国Beauty Buffet Q10牛奶沐浴露 450ml,99
馥蕾诗,一口价,169,新品 FRESH馥蕾诗澄糖滋润护唇膏 SPF15,205
蝶翠诗（DHC）,一口价,69,日本DHC蝶翠诗睫毛膏底液美容修护液 6.5ml,129
阿芙,一口价,149,阿芙大马士革玫瑰纯露 200ml,199
小蜜坊,一口价,39,小蜜坊亲蜜润唇棒,69
娇兰（Guerlain）,一口价,219,娇兰kiss黑管唇膏  滋润保湿,269
芭莱芭秀,一口价,109,芭莱芭秀水光肌气垫霜（内赠替换装）,218
whoo/后,一口价,370,Whoo 拱辰享鹿茸面膜 气血平衡 弹润肌肤 提拉紧致,450
女装-1,一口价,355,娇韵诗 身体调和抚纹护理油 100ml 娇韵诗孕妇套装 可选,449
阿牛,一口价,68,美康粉黛琴瑟和鸣双色染眉膏 可选色号,98
海蓝之谜/LAMER,一口价,2099,海蓝之谜护肤浓缩修护精华露,2899
SNP,一口价,109,SNP 三参三世面膜套装 18片装,199
雷瓦,一口价,109,雷瓦充电式干湿两用女士剃毛器,109
丸美,一口价,299,百雀羚三生花玲珑玉润花漾补水集五件套,309
香奈儿,一口价,278,CHANEL香奈儿rouge coco可可小姐口红滋润唇膏3.5g,308
阿玛尼/Armani,一口价,479,阿玛尼DESIGNER LIFT设计师V型紧致粉底液SPF20   30ml,499
阿芙,一口价,269,阿芙悦肤精油礼盒 10mlX3,349
番茄派,一口价,110,新品 番茄派温和洁肤卸妆水2瓶,276
whoo/后,一口价,849,whoo 雪 水乳面霜6件套,1000
欧莱雅,一口价,179,欧莱雅复颜柔肤乳（限量版） 125ml,239
杰士邦,一口价,129,新品  杰士邦ZERO零感清薄倍润12只装避孕套,151
相宜本草,一口价,49.9,新品 相宜本草嫩亮补水面膜 每盒5片,61.8
素野,一口价,319,素野奢宠修护精华液  30ml,478
Bb laboratories,一口价,169,日本进口Bblaboratories PH脸部按摩膏 300g,280
海蓝之谜/LAMER,一口价,969,LAMER海蓝之谜精华面霜 奢养宠肤,1450
SNP,一口价,99,新年版SNP燕窝水库面膜 新老版本随机发货,218
爱茉莉,一口价,145,新品 爱茉诗防脱控油洗发水 500g,179
SOS,一口价,99,德国SOS微银保湿润肤霜100mL 身体乳,198
相宜本草,一口价,289,相宜本草橙花透白淡斑小魔盒,506
圣罗兰/YSL,一口价,489,YSL圣罗兰明彩无暇羽毛气垫  超模聚焦光感蕾丝气垫 两款可选,599
韩束,一口价,159,韩束巨水光活妍奢宠礼盒,498
Tom Ford/汤姆福特,一口价,339,Tom Ford tf汤姆福特烈焰幻魅黑管黑金唇膏口红,499
欣兰（DMC）,一口价,135,DMC欣兰黑里透白冻膜225ml,150
GIORGIO ARMANI（COS）,一口价,439,阿玛尼LSF柔亮自然粉底液 纯净持状粉底液,459
Mistine,一口价,69,Mistine浓黑红管防水不晕染眼线笔,99
+的意义,一口价,319,+的意义毛孔净透洗脸仪 洁面仪 经典款,699
御泥坊男士,一口价,129,新品 御泥坊男士祛痘控油茶树套组（洁面100ml两支+面膜10片）,149
自然堂,一口价,85,自然堂雪域精粹洗颜霜 110g,98
雅诗兰黛/EsteeLauder,一口价,899,雅诗兰黛ANR特润眼部面部精华套装 精华50ml 眼霜15ml,1099
Loshi,一口价,66,LOSHI 北海道马油面霜 220g 两罐,98
雅诗兰黛/EsteeLauder,一口价,209,雅诗兰黛倾慕魅色唇膏 持久滋润补水保湿不脱妆,258
睿嫣(ReEn),一口价,75,泰国进口卧佛牌玉菩药堂青草膏50g三罐加15g1罐,99
后（Whoo）,一口价,749,the history of whoo拱辰享气韵生6件套装,819
素野,一口价,139,素野水嫩元气眼膜 8片,169
露得清/Neutrogena,一口价,179,露得清细白焕彩电子面膜仪套组（面罩+控制器）加赠控制器一个,179
森田药妆（DR.Morita）,一口价,109,台湾版 森田玻尿酸复合原液面膜  1盒10片,199
SK2,一口价,359,新品 SK-II活肤洁面乳 120g,400
云南白药,一口价,99,新品 云南白药基础急救包 12件装,159
BEELY,一口价,99,彼丽beely美睫滋养精华液 2.5ml,108
御泥坊,一口价,169,御泥坊多彩开运礼盒（含礼袋）,318
whoo/后,一口价,609,Whoo 后 拱辰享君滋养系列男士套装,799
奥洛菲,一口价,169,奥洛菲早晚眼部精华套（大金蛋）,289
MOROCCANOIL/摩洛哥油,一口价,259,Moroccanoil 摩洛哥柔顺亮泽明星护发精油100ml,298
后（Whoo）,一口价,899,the history of whoo津率享红华凝香6件套装,991
ELIZABETH ARDEN 伊丽莎白雅顿,一口价,99,新品 雅顿绿茶香水身体乳 500ml,129
化妆品1,一口价,99,韩束轻盈透润防晒礼盒,159
碧欧泉/Biotherm,一口价,179,新品 碧欧泉男士水动力洁面啫喱125ml爽肤水200ml保湿露75ml,240
雪花秀/SULWHASOO,一口价,289,雪花秀 Sulwhasoo 木莲花气垫粉底液 采淡致美升级版气垫（15g+替换装15g）,359
雅诗兰黛/EsteeLauder,一口价,849,雅诗兰黛护肤三件套 红石榴洗面奶125ml 滋润水200ml 晚霜50ml,1280
BEELY,一口价,129,新品 彼丽beely淡纹紧致涂抹式美颈膜 30g 两支装,138
爱马仕/Hermes,一口价,539,爱马仕Hermes大地男士淡香水100ml,569
欧莱雅,一口价,339,欧莱雅复颜礼盒,389
BEELY,一口价,69,新品 彼丽除臭植萃净味水 30ml 2瓶装礼盒,99
雅诗兰黛/EsteeLauder,一口价,189,新品 雅诗兰黛净莹柔肤细致焕采洁面乳150ml,255
原生黄,一口价,15,原生黄超薄系列   日用   夜用   月量装,20
藤井,一口价,59.5,藤井染发梳  黑色 酒红色1号（栗色） 酒红色3号（紫红色） 三色可选,69
雅诗兰黛/EsteeLauder,一口价,409,雅诗兰黛鲜活营养红石榴 日霜 晚霜 日晚霜套装可选,620
九朵云,一口价,89,Cloud9 九朵云光彩面霜淡斑面霜50ML,356
菲奥娜（iFiona）,一口价,85,iFiona菲奥娜精油粉底液40ml 妆前乳40ml 可选,169
优资莱,一口价,89,新品 优资莱绿茶氨基酸洁面泡泡,89
dermanour 多魅诺,一口价,149,dermanour 多魅诺胸部护理霜 30g 泰国原装,298
雅诗兰黛/EsteeLauder,一口价,389,雅诗兰黛多效智妍系列 黄金眼霜15ml 黄金面霜 50ml 可选,550
杰士邦,一口价,59,新品  杰士邦水润快感润滑剂50ml,79
Mistine,一口价,69,Mistine 3D立体眉笔 眉粉 染眉膏 咖啡深棕 亚麻浅棕 自然灰黑 三款可选2.45g,99
霸王,一口价,108,新品 霸王防脱育发组合 洗发水200ml加育发液 80ml 两组装,188
高姿,一口价,199,新品 高姿玻尿酸肌活水嫩礼盒,219
珀莱雅,一口价,398,精品套包 珀莱雅水漾芯肌漂流恋语套盒 （清润型）,498
薇新,一口价,1299,品制500认证 WellSkins薇新360°旋转射频面部童颜仪,1699
雪花秀/SULWHASOO,一口价,309,雪花秀 Sulwhasoo 木莲花气垫粉底液 （15g+替换装15g）,399
倩碧/Clinique,一口价,119,倩碧液体洁面皂200ml 温和 清爽 柔性,189
欧莱雅,一口价,109,欧莱雅卸妆套盒 清爽型 倍润型可选,198
科颜氏/Kiehls,一口价,169,科颜氏亚马逊白泥系列 面膜 洁面乳,230
雅诗兰黛/EsteeLauder,一口价,589,雅诗兰黛新款miracle抚痕抗皱精华CP+R,699
薇新,一口价,398,WellSkins薇新超声波黑头清洁美容仪,398
HOLA,一口价,118,新品 Hola赫拉牛奶水光布丁面膜200g,128
Tom Ford/汤姆福特,一口价,579,新品  汤姆·福特 TOM FORD BEAUTY 幻魅四色眼影盘,699
雅诗兰黛/EsteeLauder废弃,一口价,369,雅诗兰黛红石榴眼霜15ml,420
艾柏梵,一口价,109,A.by BOM 艾柏梵 超能婴儿 二部曲金盏花夜间修护面膜 桃花面膜 5片装,234
ReEn/睿嫣,一口价,249,新品LG健康生活 睿嫣头皮护理豪华礼盒11件套 限定版,299
爱马仕/Hermes,一口价,399,爱马仕Hermes 屋顶花园女士淡香水 100ml,469
婵真,一口价,209,新品 婵真银杏清爽盈润水乳2件套,220
迪奥（Dior）,一口价,439,Dior迪奥forever凝脂长效保湿持久哑光气垫粉底液15g,489
圣罗兰/YSL,一口价,429,YSL圣罗兰哑光方管羽毛粉底液SPF18   25ml  清爽控油  自然清透,459
薇风/Wellfon,一口价,98,薇风净颜亮肤黑珍珠面膜 两盒装 共14枚入 排浊净肤 提亮肤色,318
浪漫樱花,一口价,79,日本进口浪漫の樱花大米皂 135g  3个装,99
香奈儿,一口价,399,香奈儿邂逅系列女士淡香水（黄色、绿色、粉色）50ml  100ml,419
三生花,一口价,179,百雀羚三生花缤纷面膜组合30片装,209
+的意义,一口价,89,+的意义毛孔净透洗脸仪 洁面仪 小蚕豆,109
BURBERRY,一口价,179,博柏利Burberry红粉恋歌女士淡香水,199
纪梵希（Givenchy）,一口价,399,纪梵希四宫格幻彩蜜粉饼 轻盈无痕明星散粉,459
SNAILWHITE施妮薇,一口价,99,SNAIL WHITE施妮薇青春蜗牛面霜  30ml,212
雪花秀/SULWHASOO,一口价,1209,雪花秀新款滋阴水乳精华10件套,1399
WILDWOOD,一口价,109,wild wood 邂逅沐浴露 秀身沐浴露 400ml加喷头一个,139
AHC,一口价,109,AHC B5玻尿酸第三代高浓度保湿补水面膜,199
欧舒丹,一口价,149,欧舒丹明星单品  樱花乳木果玫瑰 护手霜  沐浴露 身体乳 可选,170
迪奥（Dior）,一口价,499,法国Dior迪奥真我系列香水  优雅花香调  邂逅芬芳，优雅大气,499
魔力鲜颜,一口价,119,魔力鲜颜墨角藻焕彩妍丽滚珠眼膜 20mlX2,218
资生堂/Shiseido,一口价,79,资生堂 Fino浸透美容液染烫受损护理发膜 230g,139
ck,一口价,179,CK ONE燃情淡香水 经典淡香水 多款可选,219
阿玛尼/Armani,一口价,219,阿玛尼黑管漆光唇蜜唇釉液体唇膏,289
素野,一口价,189,素野清洁卸妆搭档套装   洁面慕丝+卸妆膏,298
馥蕾诗,一口价,389,新品 fresh馥蕾诗 面膜家族 玫瑰 红茶100ml 澄糖125g 可选,520
兰蔻,一口价,189,新品 兰蔻清滢洁面乳 洁面摩丝,249
御泥坊,一口价,75,御泥坊 金桂花亮采眼膜贴 60片1盒,89
蒂佳婷（Dr.Jart+）,一口价,95,Dr.Jart+蒂佳婷蓝色药丸保湿面膜 两盒装,145
薇风/Wellfon,一口价,159,薇风第二代黑膜 亮颜净肤黑珍珠面膜 两盒装,398
BANANA BOAT,一口价,45,Banana Boat香蕉船防晒霜 晒后修护 多规格多spf值可选,79
卓蓝雅,一口价,78,卓蓝雅摩洛哥护发精油两瓶装50mlx2 （赠试用装2片）,87
植美村,一口价,45,植美村矿泉温和卸妆喷雾,114
CPB/肌肤之钥,一口价,519,CPB 肌肤之钥亮彩柔肤粉 修容高光粉  三色可选,549
Poysian,一口价,78,Poysian八仙薄荷香鼻通 12支装,240
杰士邦,一口价,98,新品  杰士邦黄金持久10只装避孕套,120
healthy care,一口价,99,healthy care 金箔羊胎素保湿精华液 50ml,129
听日,一口价,169,新品 Tingri听日迷你艾灸贴 6支装 含60根艾条,169
御泥坊男士,一口价,79,新品 御泥坊男士清洁净爽竹炭黑面膜15片,89.9
江南宝贝,一口价,89,Gangly江南宝贝济州马油洗面奶 180ml,109
欧莱雅,一口价,175,欧莱雅复颜抗皱紧致滋润日霜、晚霜可选,220
娥佩兰/OPERA,一口价,110,娥佩兰薏苡仁化妆水 500ml 2瓶装,196
高姿,一口价,109,新品 高姿星颜匀净气垫CC,129
科颜氏/Kiehls,一口价,169,科颜氏黄瓜植物精华爽肤水 小黄瓜水 高机能补水 250ml 500ml,179
德尔玛,一口价,169,德尔玛负离子硅胶洁面仪  深层净透  紧致肌肤,219
兰蔻/Lancome,一口价,398,Lancome兰蔻 水份缘系列,499
玛丽黛佳,一口价,55,玛丽黛佳Marie Dalgar元气风动三色腮红,66
阿芙,一口价,65,阿芙 阿芙双效精油面膜,149
化妆品1,一口价,55,一叶子 洋甘菊舒缓保湿喷雾95ml,89
施华蔻 /Schwarzkopf,一口价,128,施华蔻金致润养套装（洗发水400ml+润发乳200ml+发膜50ml）精油修护 告别干枯,132
黑人,一口价,53.9,新品 黑人精灵宝贝兔儿童牙刷牙膏组合,140
御泥坊男士,一口价,39.9,御泥坊男士竹炭去黑头洁面乳,69
圣罗兰/YSL,一口价,219,YSL圣罗兰rouge volupte shine迷魅圆管唇膏口红 多色可选,278
御泥坊男士,一口价,39.9,御泥坊男士火山泥清洁控油洁面乳,69
雅诗兰黛/EsteeLauder,一口价,679,雅诗兰黛ANR套装 多款可选,799
科颜氏/Kiehls,一口价,159,科颜氏高保湿清爽无油爽肤水250ml,189
美宝莲,一口价,69,美宝莲双头三角眉笔 规格可选,89
欧莱雅,一口价,79,欧莱雅奇焕润发精油 小金瓶100ml,79
whoo/后,一口价,1399,the history of whoo 天气丹花献水乳面霜6件套装,1729
欧莱雅,一口价,149,欧莱雅葡萄籽乳液（限量版） 125ml,169
SOS,一口价,89,德国SOS口腔凝胶10ml,159
科颜氏/Kiehls,一口价,189,科颜氏金盏花系列 氨基酸洁面乳 植物精华爽肤水 可选,299
whoo/后,一口价,99,WHOO水乳套装可爱迷你装,149
花瑶花,一口价,179,花瑶花雪绒花纯净特安三件套,399
佰草集,一口价,95,佰草集舒颜平衡洁面乳100ml 两支,158
雅诗兰黛/EsteeLauder,一口价,219,雅诗兰黛鲜活红石榴洁面 鲜亮焕采泡沫洁面乳125ML,280
佰草集,一口价,385,佰草集肌活新颜活肤组合装（洁肤泡+活肤水+活肤乳+活肤霜赠+活肤眼霜赠）,540
兰芝/Laneige,一口价,179,兰芝夜间锁水修护睡眠面膜 70ml 修护水润焕活肌肤,200
圣罗兰/YSL,一口价,219,YSL圣罗兰明星同款奢华缎面镜光持久唇釉液体唇膏,278
歌丽姬宝,一口价,59,歌丽姬宝水动力赋活凝乳50ml 精华液30ml可选,188
娇韵诗/Clarins,一口价,139,新品 娇韵诗温和柔肤水黄水 平衡爽肤水绿水200ml 400ml,199
